-- 三层楼示例数据：楼层 → 自习室 → 座位（每间 4×5=20 座，与小程序平面图一致）
-- 在业务库执行（默认库名 study-room，请与 application-dev.yml 中库名一致）
-- 可重复执行：主键冲突时按 ON DUPLICATE KEY 更新

USE `study-room`;

INSERT INTO bas_floor (id, floor_name) VALUES
(1, '1F 自习区'),
(2, '2F 自习区'),
(3, '3F 自习区')
ON DUPLICATE KEY UPDATE floor_name = VALUES(floor_name);

INSERT INTO bas_study_room (id, floor_id, room_name, room_location, opening_time, close_time, seat_rows, seat_cols, slot_step_minutes) VALUES
(1, 1, 'A 自习室', '东走廊北侧', '08:00', '22:30', 4, 5, 60),
(2, 2, 'B 自习室', '二楼东翼', '08:00', '22:30', 4, 5, 60),
(3, 3, 'C 自习室', '三楼南侧', '08:00', '22:30', 4, 5, 60),
(4, 2, 'D 自习室', '二楼西侧', '08:00', '22:30', 4, 5, 60),
(5, 3, 'E 自习室', '三楼北侧', '08:00', '22:30', 4, 5, 60)
ON DUPLICATE KEY UPDATE
  floor_id = VALUES(floor_id),
  room_name = VALUES(room_name),
  room_location = VALUES(room_location),
  opening_time = VALUES(opening_time),
  close_time = VALUES(close_time),
  seat_rows = VALUES(seat_rows),
  seat_cols = VALUES(seat_cols),
  slot_step_minutes = VALUES(slot_step_minutes);

-- A 自习室 20 座
REPLACE INTO bas_seat (id, room_id, seat_name, grid_row, grid_col, seat_type, locked) VALUES
(1, 1, 'A-01', 1, 1, 0, 0),
(2, 1, 'A-02', 1, 2, 0, 0),
(3, 1, 'A-03', 1, 3, 0, 0),
(4, 1, 'A-04', 1, 4, 0, 0),
(5, 1, 'A-05', 1, 5, 0, 0),
(6, 1, 'A-06', 2, 1, 0, 0),
(7, 1, 'A-07', 2, 2, 0, 0),
(8, 1, 'A-08', 2, 3, 0, 0),
(9, 1, 'A-09', 2, 4, 0, 0),
(10, 1, 'A-10', 2, 5, 0, 0),
(11, 1, 'A-11', 3, 1, 0, 0),
(12, 1, 'A-12', 3, 2, 0, 0),
(13, 1, 'A-13', 3, 3, 0, 0),
(14, 1, 'A-14', 3, 4, 0, 0),
(15, 1, 'A-15', 3, 5, 0, 0),
(16, 1, 'A-16', 4, 1, 0, 0),
(17, 1, 'A-17', 4, 2, 0, 0),
(18, 1, 'A-18', 4, 3, 0, 0),
(19, 1, 'A-19', 4, 4, 0, 0),
(20, 1, 'A-20', 4, 5, 0, 0);

-- B 自习室 20 座
REPLACE INTO bas_seat (id, room_id, seat_name, grid_row, grid_col, seat_type, locked) VALUES
(21, 2, 'B-01', 1, 1, 0, 0),
(22, 2, 'B-02', 1, 2, 0, 0),
(23, 2, 'B-03', 1, 3, 0, 0),
(24, 2, 'B-04', 1, 4, 0, 0),
(25, 2, 'B-05', 1, 5, 0, 0),
(26, 2, 'B-06', 2, 1, 0, 0),
(27, 2, 'B-07', 2, 2, 0, 0),
(28, 2, 'B-08', 2, 3, 0, 0),
(29, 2, 'B-09', 2, 4, 0, 0),
(30, 2, 'B-10', 2, 5, 0, 0),
(31, 2, 'B-11', 3, 1, 0, 0),
(32, 2, 'B-12', 3, 2, 0, 0),
(33, 2, 'B-13', 3, 3, 0, 0),
(34, 2, 'B-14', 3, 4, 0, 0),
(35, 2, 'B-15', 3, 5, 0, 0),
(36, 2, 'B-16', 4, 1, 0, 0),
(37, 2, 'B-17', 4, 2, 0, 0),
(38, 2, 'B-18', 4, 3, 0, 0),
(39, 2, 'B-19', 4, 4, 0, 0),
(40, 2, 'B-20', 4, 5, 0, 0);

-- C 自习室 20 座
REPLACE INTO bas_seat (id, room_id, seat_name, grid_row, grid_col, seat_type, locked) VALUES
(41, 3, 'C-01', 1, 1, 0, 0),
(42, 3, 'C-02', 1, 2, 0, 0),
(43, 3, 'C-03', 1, 3, 0, 0),
(44, 3, 'C-04', 1, 4, 0, 0),
(45, 3, 'C-05', 1, 5, 0, 0),
(46, 3, 'C-06', 2, 1, 0, 0),
(47, 3, 'C-07', 2, 2, 0, 0),
(48, 3, 'C-08', 2, 3, 0, 0),
(49, 3, 'C-09', 2, 4, 0, 0),
(50, 3, 'C-10', 2, 5, 0, 0),
(51, 3, 'C-11', 3, 1, 0, 0),
(52, 3, 'C-12', 3, 2, 0, 0),
(53, 3, 'C-13', 3, 3, 0, 0),
(54, 3, 'C-14', 3, 4, 0, 0),
(55, 3, 'C-15', 3, 5, 0, 0),
(56, 3, 'C-16', 4, 1, 0, 0),
(57, 3, 'C-17', 4, 2, 0, 0),
(58, 3, 'C-18', 4, 3, 0, 0),
(59, 3, 'C-19', 4, 4, 0, 0),
(60, 3, 'C-20', 4, 5, 0, 0);

-- D 自习室 20 座
REPLACE INTO bas_seat (id, room_id, seat_name, grid_row, grid_col, seat_type, locked) VALUES
(61, 4, 'D-01', 1, 1, 0, 0),
(62, 4, 'D-02', 1, 2, 0, 0),
(63, 4, 'D-03', 1, 3, 0, 0),
(64, 4, 'D-04', 1, 4, 0, 0),
(65, 4, 'D-05', 1, 5, 0, 0),
(66, 4, 'D-06', 2, 1, 0, 0),
(67, 4, 'D-07', 2, 2, 0, 0),
(68, 4, 'D-08', 2, 3, 0, 0),
(69, 4, 'D-09', 2, 4, 0, 0),
(70, 4, 'D-10', 2, 5, 0, 0),
(71, 4, 'D-11', 3, 1, 0, 0),
(72, 4, 'D-12', 3, 2, 0, 0),
(73, 4, 'D-13', 3, 3, 0, 0),
(74, 4, 'D-14', 3, 4, 0, 0),
(75, 4, 'D-15', 3, 5, 0, 0),
(76, 4, 'D-16', 4, 1, 0, 0),
(77, 4, 'D-17', 4, 2, 0, 0),
(78, 4, 'D-18', 4, 3, 0, 0),
(79, 4, 'D-19', 4, 4, 0, 0),
(80, 4, 'D-20', 4, 5, 0, 0);

-- E 自习室 20 座
REPLACE INTO bas_seat (id, room_id, seat_name, grid_row, grid_col, seat_type, locked) VALUES
(81, 5, 'E-01', 1, 1, 0, 0),
(82, 5, 'E-02', 1, 2, 0, 0),
(83, 5, 'E-03', 1, 3, 0, 0),
(84, 5, 'E-04', 1, 4, 0, 0),
(85, 5, 'E-05', 1, 5, 0, 0),
(86, 5, 'E-06', 2, 1, 0, 0),
(87, 5, 'E-07', 2, 2, 0, 0),
(88, 5, 'E-08', 2, 3, 0, 0),
(89, 5, 'E-09', 2, 4, 0, 0),
(90, 5, 'E-10', 2, 5, 0, 0),
(91, 5, 'E-11', 3, 1, 0, 0),
(92, 5, 'E-12', 3, 2, 0, 0),
(93, 5, 'E-13', 3, 3, 0, 0),
(94, 5, 'E-14', 3, 4, 0, 0),
(95, 5, 'E-15', 3, 5, 0, 0),
(96, 5, 'E-16', 4, 1, 0, 0),
(97, 5, 'E-17', 4, 2, 0, 0),
(98, 5, 'E-18', 4, 3, 0, 0),
(99, 5, 'E-19', 4, 4, 0, 0),
(100, 5, 'E-20', 4, 5, 0, 0);
